{"cameraMode":{"drawMode":0,"name":"Shaded","section":"Shading Mode"},"sceneLighting":false,"audioPlay":false,"sceneViewState":{"m_AlwaysRefresh":false,"showFog":true,"showSkybox":false,"showFlares":true,"showImageEffects":true,"showParticleSystems":true,"showVisualEffectGraphs":true,"m_FxEnabled":true},"in2DMode":false,"pivot":{"x":0.610989511013031,"y":0.43148472905158999,"z":0.8047104477882385},"rotation":{"x":0.004139881115406752,"y":0.8462448716163635,"z":-0.006596130784600973,"w":0.5327768325805664},"size":0.5976139307022095,"orthographic":false}