{"cameraMode":{"drawMode":0,"name":"Shaded","section":"Shading Mode"},"sceneLighting":false,"audioPlay":false,"sceneViewState":{"m_AlwaysRefresh":false,"showFog":true,"showSkybox":false,"showFlares":true,"showImageEffects":true,"showParticleSystems":true,"showVisualEffectGraphs":true,"m_FxEnabled":true},"in2DMode":false,"pivot":{"x":0.04673182964324951,"y":0.7365318536758423,"z":-0.05269026756286621},"rotation":{"x":0.004139881115406752,"y":0.8462448716163635,"z":-0.006596130784600973,"w":0.5327768325805664},"size":1.2117339372634888,"orthographic":false}