{"cameraMode":{"drawMode":0,"name":"Shaded","section":"Shading Mode"},"sceneLighting":true,"audioPlay":false,"sceneViewState":{"m_AlwaysRefresh":false,"showFog":true,"showSkybox":false,"showFlares":true,"showImageEffects":true,"showParticleSystems":true,"showVisualEffectGraphs":true,"m_FxEnabled":true},"in2DMode":false,"pivot":{"x":0.11653685569763184,"y":-0.036827296018600467,"z":0.3227025866508484},"rotation":{"x":0.11778048425912857,"y":-0.40412944555282595,"z":0.052541278302669528,"w":0.9057225584983826},"size":0.6000174283981323,"orthographic":false}