{"cameraMode":{"drawMode":0,"name":"Shaded","section":"Shading Mode"},"sceneLighting":false,"audioPlay":false,"sceneViewState":{"m_AlwaysRefresh":false,"showFog":true,"showSkybox":false,"showFlares":true,"showImageEffects":true,"showParticleSystems":true,"showVisualEffectGraphs":true,"m_FxEnabled":true},"in2DMode":false,"pivot":{"x":-0.3365180492401123,"y":0.27608004212379458,"z":0.9422532320022583},"rotation":{"x":0.017892640084028245,"y":0.7195043563842773,"z":-0.018566973507404329,"w":0.6940392255783081},"size":1.2247449159622193,"orthographic":false}