{"cameraMode":{"drawMode":0,"name":"Shaded","section":"Shading Mode"},"sceneLighting":true,"audioPlay":false,"sceneViewState":{"m_AlwaysRefresh":false,"showFog":true,"showSkybox":true,"showFlares":true,"showImageEffects":true,"showParticleSystems":true,"showVisualEffectGraphs":true,"m_FxEnabled":true},"in2DMode":false,"pivot":{"x":5.909298419952393,"y":3.7875375747680666,"z":12.80180835723877},"rotation":{"x":-0.030835388228297235,"y":0.3332313299179077,"z":0.010905895382165909,"w":0.9422971606254578},"size":9.699637413024903,"orthographic":false}