{"cameraMode":{"drawMode":0,"name":"Shaded","section":"Shading Mode"},"sceneLighting":true,"audioPlay":false,"sceneViewState":{"m_AlwaysRefresh":false,"showFog":true,"showSkybox":true,"showFlares":true,"showImageEffects":true,"showParticleSystems":true,"showVisualEffectGraphs":true,"m_FxEnabled":true},"in2DMode":false,"pivot":{"x":9.059971809387207,"y":-1.8100223541259766,"z":3.0240230560302736},"rotation":{"x":0.12273477762937546,"y":0.6777507662773132,"z":-0.11619411408901215,"w":0.7157421708106995},"size":6.545679569244385,"orthographic":false}