{"cameraMode":{"drawMode":0,"name":"Shaded","section":"Shading Mode"},"sceneLighting":false,"audioPlay":false,"sceneViewState":{"m_AlwaysRefresh":false,"showFog":true,"showSkybox":false,"showFlares":true,"showImageEffects":true,"showParticleSystems":true,"showVisualEffectGraphs":true,"m_FxEnabled":true},"in2DMode":false,"pivot":{"x":0.8651321530342102,"y":1.6076117753982545,"z":13.888004302978516},"rotation":{"x":0.0450831837952137,"y":-0.09843846410512924,"z":0.004435833543539047,"w":0.9942547082901001},"size":0.9247449040412903,"orthographic":false}