{"cameraMode":{"drawMode":0,"name":"Shaded","section":"Shading Mode"},"sceneLighting":false,"audioPlay":false,"sceneViewState":{"m_AlwaysRefresh":false,"showFog":true,"showSkybox":false,"showFlares":true,"showImageEffects":true,"showParticleSystems":true,"showVisualEffectGraphs":true,"m_FxEnabled":true},"in2DMode":false,"pivot":{"x":-0.01278376579284668,"y":0.32574769854545596,"z":0.003184795379638672},"rotation":{"x":0.00007319194992305711,"y":0.9568557739257813,"z":-0.00027830706676468253,"w":0.2906353175640106},"size":0.6726595163345337,"orthographic":false}